1,google.com
2,youtube.com
3,facebook.com
4,baidu.com
5,wikipedia.org
6,yahoo.com
7,google.co.in
8,reddit.com
9,qq.com
10,taobao.com
11,tmall.com
12,amazon.com
13,twitter.com
14,google.co.jp
15,vk.com
16,live.com
17,sohu.com
18,instagram.com
19,jd.com
20,sina.com.cn
21,weibo.com
22,360.cn
23,google.de
24,google.co.uk
25,google.com.br
26,list.tmall.com
27,google.fr
28,linkedin.com
29,google.ru
30,yandex.ru
31,google.it
32,netflix.com
33,google.es
34,google.com.hk
35,yahoo.co.jp
36,google.com.mx
37,pornhub.com
38,google.ca
39,bing.com
40,alipay.com
41,twitch.tv
42,ebay.com
43,t.co
44,xvideos.com
45,imgur.com
46,msn.com
47,ok.ru
48,wordpress.com
49,office.com
50,microsoft.com
51,mail.ru
52,aliexpress.com
53,hao123.com
54,livejasmin.com
55,microsoftonline.com
56,tumblr.com
57,imdb.com
58,csdn.net
59,apple.com
60,blogspot.com
61,stackoverflow.com
62,google.com.au
63,google.com.tr
64,amazon.co.jp
65,wikia.com
66,paypal.com
67,google.com.tw
68,github.com
69,detail.tmall.com
70,whatsapp.com
71,google.co.id
72,google.pl
73,deloton.com
74,popads.net
75,xhamster.com
76,pinterest.com
77,espn.com
78,adobe.com
79,coccoc.com
80,amazon.in
81,diply.com
82,google.com.ar
83,mozilla.org
84,bongacams.com
85,dropbox.com
86,googleusercontent.com
87,amazon.de
88,so.com
89,txxx.com
90,google.com.ua
91,nicovideo.jp
92,tianya.cn
93,xnxx.com
94,google.com.pk
95,amazon.co.uk
96,uptodown.com
97,pixnet.net
98,savefrom.net
99,soso.com
100,google.com.eg
101,bbc.com
102,bbc.co.uk
103,google.com.sa
104,craigslist.org
105,cnn.com
106,google.co.th
107,thepiratebay.org
108,rakuten.co.jp
109,google.nl
110,ask.com
111,nytimes.com
112,soundcloud.com
113,amazonaws.com
114,hicpm5.com
115,tribunnews.com
116,google.co.ve
117,google.co.za
118,onlinesbi.com
119,naver.com
120,salesforce.com
121,booking.com
122,xinhuanet.com
123,detik.com
124,thestartmagazine.com
125,youth.cn
126,stackexchange.com
127,ebay.de
128,blogger.com
129,theguardian.com
130,quora.com
131,gmw.cn
132,ettoday.net
133,vimeo.com
134,nih.gov
135,dailymotion.com
136,spotify.com
137,fc2.com
138,zhihu.com
139,google.gr
140,slideshare.net
141,chase.com
142,openload.co
143,avito.ru
144,vice.com
145,chaturbate.com
146,google.com.sg
147,google.se
148,google.com.ph
149,fbcdn.net
150,flipkart.com
151,google.co.kr
152,cloudfront.net
153,google.co.ao
154,ebay.co.uk
155,google.be
156,doubleclick.net
157,aparat.com
158,mediafire.com
159,cnet.com
160,roblox.com
161,google.com.co
162,iwanttodeliver.com
163,softonic.com
164,google.cn
165,blastingnews.com
166,indeed.com
167,steamcommunity.com
168,dailymail.co.uk
169,globo.com
170,douyu.com
171,force.com
172,google.az
173,pinimg.com
174,providr.com
175,buzzfeed.com
176,adf.ly
177,onoticioso.com
178,babytree.com
179,google.at
180,china.com
181,uol.com.br
182,alibaba.com
183,godaddy.com
184,google.com.ng
185,wikihow.com
186,w3schools.com
187,tokopedia.com
188,washingtonpost.com
189,deviantart.com
190,twimg.com
191,walmart.com
192,etsy.com
193,redd.it
194,discordapp.com
195,ladbible.com
196,higheurest.com
197,1688.com
198,google.com.vn
199,4chan.org
200,messenger.com
201,slack.com
202,scribd.com
203,google.ch
204,mercadolivre.com.br
205,people.com.cn
206,mama.cn
207,china.com.cn
208,google.pt
209,gfycat.com
210,abs-cbn.com
211,google.no
212,google.cz
213,amazon.it
214,redtube.com
215,sogou.com
216,google.cl
217,bet9ja.com
218,metropcs.mobi
219,google.com.pe
220,yelp.com
221,google.ae
222,39.net
223,amazon.fr
224,steampowered.com
225,google.ro
226,bp.blogspot.com
227,bankofamerica.com
228,forbes.com
229,onlinevideoconverter.com
230,myway.com
231,trello.com
232,cnblogs.com
233,breitbart.com
234,youporn.com
235,wetransfer.com
236,hclips.com
237,thesaurus.com
238,wellsfargo.com
239,youm7.com
240,9gag.com
241,ikea.com
242,zipnoticias.com
243,adexchangeperformance.com
244,google.ie
245,bilibili.com
246,wikimedia.org
247,indiatimes.com
248,files.wordpress.com
249,mega.nz
250,kakaku.com
251,caijing.com.cn
252,irctc.co.in
253,bitauto.com
254,yts.ag
255,foxnews.com
256,bukalapak.com
257,researchgate.net
258,spotscenered.info
259,huanqiu.com
260,google.dk
261,rarbg.to
262,huffingtonpost.com
263,hulu.com
264,freepik.com
265,popcash.net
266,outbrain.com
267,liputan6.com
268,gearbest.com
269,ebay-kleinanzeigen.de
270,blackboard.com
271,livejournal.com
272,thepennyhoarder.com
273,amazon.cn
274,speedtest.net
275,google.fi
276,google.dz
277,google.hu
278,leboncoin.fr
279,gostream.is
280,rambler.ru
281,zillow.com
282,instructure.com
283,wordreference.com
284,ltn.com.tw
285,shutterstock.com
286,dingit.tv
287,newstrend.news
288,eastday.com
289,asos.com
290,aol.com
291,gamepedia.com
292,kompas.com
293,sberbank.ru
294,archive.org
295,livedoor.com
296,subject.tmall.com
297,weebly.com
298,telegram.org
299,aliyun.com
300,allegro.pl
301,battle.net
302,digikala.com
303,nfl.com
304,zapmeta.ws
305,google.co.il
306,tripadvisor.com
307,ntd.tv
308,torrentz2.eu
309,businessinsider.com
310,amazon.es
311,mailchimp.com
312,bestbuy.com
313,1337x.to
314,weather.com
315,zippyshare.com
316,genius.com
317,kinopoisk.ru
318,ameblo.jp
319,kinogo.club
320,varzesh3.com
321,hola.com
322,okdiario.com
323,xfinity.com
324,rutracker.org
325,elpais.com
326,goodreads.com
327,google.sk
328,streamable.com
329,daum.net
330,coinmarketcap.com
331,gmx.net
332,medium.com
333,canva.com
334,web.de
335,codeonclick.com
336,setn.com
337,zendesk.com
338,olx.ua
339,sabah.com.tr
340,duckduckgo.com
341,ign.com
342,ci123.com
343,leagueoflegends.com
344,amazon.ca
345,kissanime.ru
346,skype.com
347,ouo.io
348,feedly.com
349,bet365.com
350,google.kz
351,rednet.cn
352,sourceforge.net
353,flickr.com
354,sciencedirect.com
355,orange.fr
356,spankbang.com
357,reverso.net
358,speakol.com
359,hp.com
360,kaskus.co.id
361,hotstar.com
362,wordpress.org
363,albawabhnews.com
364,kapanlagi.com
365,hdzog.com
366,airbnb.com
367,userapi.com
368,giphy.com
369,icloud.com
370,samsung.com
371,target.com
372,merdeka.com
373,oracle.com
374,udemy.com
375,humblebundle.com
376,beeg.com
377,rt.com
378,haber7.com
379,iqiyi.com
380,state.gov
381,usps.com
382,ndtv.com
383,livedoor.jp
384,hdfcbank.com
385,taleo.net
386,camdolls.com
387,fromdoctopdf.com
388,americanexpress.com
389,ups.com
390,google.com.kw
391,vidio.com
392,office365.com
393,buzzadnetwork.com
394,capitalone.com
395,telegraph.co.uk
396,fiverr.com
397,go.com
398,theverge.com
399,onet.pl
400,momoshop.com.tw
401,gamefaqs.com
402,ensonhaber.com
403,subscene.com
404,dictionary.com
405,glassdoor.com
406,ouedkniss.com
407,dmm.co.jp
408,intuit.com
409,atlassian.net
410,naver.jp
411,siteadvisor.com
412,rottentomatoes.com
413,iqoption.com
414,uidai.gov.in
415,taboola.com
416,mercadolibre.com.ar
417,alicdn.com
418,independent.co.uk
419,youdao.com
420,google.co.nz
421,theepochtimes.com
422,box.com
423,accuweather.com
424,zoho.com
425,seasonvar.ru
426,convert2mp3.net
427,vporn.com
428,pixabay.com
429,myanimelist.net
430,wp.pl
431,doublepimp.com
432,wix.com
433,maka.im
434,gismeteo.ru
435,line.me
436,taringa.net
437,bloomberg.com
438,yadi.sk
439,doublepimpssl.com
440,free.fr
441,prezi.com
442,fedex.com
443,springer.com
444,elmundo.es
445,tfetimes.com
446,onclkds.com
447,pandora.com
448,homedepot.com
449,themeforest.net
450,fwbntw.com
451,rumble.com
452,repubblica.it
453,pipeschannels.com
454,t-online.de
455,mit.edu
456,evernote.com
457,google.lk
458,behance.net
459,kooora.com
460,patch.com
461,dell.com
462,seznam.cz
463,icicibank.com
464,rediff.com
465,application-77my.com
466,upwork.com
467,patreon.com
468,usatoday.com
469,goo.ne.jp
470,gyazo.com
471,espncricinfo.com
472,cricbuzz.com
473,nba.com
474,wiley.com
475,pages.tmall.com
476,utorrent.com
477,17ok.com
478,banvenez.com
479,offertogo.online
480,ebay.it
481,eskimi.com
482,marca.com
483,primosearch.com
484,onedio.com
485,ytimg.com
486,ultimate-guitar.com
487,banggood.com
488,shopify.com
489,manoramaonline.com
490,gamer.com.tw
491,biobiochile.cl
492,easypdfcombine.com
493,media.tumblr.com
494,buyma.com
495,wiktionary.org
496,quizlet.com
497,ibm.com
498,ebay.com.au
499,blogspot.mx
500,addthis.com
501,sahibinden.com
502,okta.com
503,urbandictionary.com
504,velocecdn.com
505,cambridge.org
506,wish.com
507,billdesk.com
508,libero.it
509,slickdeals.net
510,spiegel.de
511,webmd.com
512,sex.com
513,wsj.com
514,google.bg
515,gizmodo.com
516,thefreedictionary.com
517,bittrex.com
518,baike.com
519,rutube.ru
520,wattpad.com
521,shaparak.ir
522,epochtimes.com
523,olx.pl
524,mi.com
525,google.com.do
526,bldaily.com
527,mmoframes.com
528,list-manage.com
529,pikabu.ru
530,hm.com
531,flvto.biz
532,tutorialspoint.com
533,playstation.com
534,citi.com
535,chatwork.com
536,jianshu.com
537,kickstarter.com
538,cbssports.com
539,livescore.com
540,drom.ru
541,digitalprivacyalert.org
542,brilio.net
543,khanacademy.org
544,blpmovies.com
545,hubspot.com
546,google.by
547,nextlnk1.com
548,jrj.com.cn
549,mlb.com
550,163.com
551,ebc.net.tw
552,mercadolibre.com.mx
553,daikynguyenvn.com
554,chegg.com
555,youboy.com
556,friv.com
557,wixsite.com
558,filehippo.com
559,ewatchseries.to
560,indoxxi.net
561,asana.com
562,sabq.org
563,cerpen.co.id
564,cnzz.com
565,hurriyet.com.tr
566,4dsply.com
567,suning.com
568,tistory.com
569,xda-developers.com
570,yandex.ua
571,telewebion.com
572,gsmarena.com
573,wittyfeed.com
574,51sole.com
575,naukri.com
576,lazada.co.id
577,rarbg.is
578,emol.com
579,givemesport.com
580,google.com.ly
581,investopedia.com
582,ptt.cc
583,perfecttoolmedia.com
584,weblio.jp
585,lie2anyone.com
586,paytm.com
587,surveymonkey.com
588,discogs.com
589,reuters.com
590,nike.com
591,chip.de
592,comcast.net
593,google.com.mm
594,bleacherreport.com
595,souq.com
596,academia.edu
597,ria.ru
598,trackingclick.net
599,att.com
600,naij.com
601,4shared.com
602,nextlnk2.com
603,prothom-alo.com
604,reimageplus.com
605,eventbrite.com
606,asus.com
607,nur.kz
608,mercadolibre.com.ve
609,adhoc2.net
610,engadget.com
611,java.com
612,tvbs.com.tw
613,hitcpm.com
614,tube8.com
615,adexchangegate.com
616,cnbc.com
617,drive2.ru
618,verizonwireless.com
619,bild.de
620,ck101.com
621,zoom.us
622,pantip.com
623,inquirer.net
624,piet2eix3l.com
625,boredpanda.com
626,blog.jp
627,groupon.com
628,squarespace.com
629,npr.org
630,almasryalyoum.com
631,stockstar.com
632,google.rs
633,thebalance.com
634,goo.gl
635,flirt4free.com
636,videodownloadconverter.com
637,adp.com
638,mathrubhumi.com
639,coinbase.com
640,newegg.com
641,voc.com.cn
642,bandcamp.com
643,beytoote.com
644,japanpost.jp
645,webex.com
646,blueseek.com
647,namnak.com
648,bitmedianetwork.com
649,digitaldsp.com
650,as.com
651,nypost.com
652,xe.com
653,lifehacker.com
654,blogfa.com
655,hespress.com
656,linkshrink.net
657,videoyoum7.com
658,merriam-webster.com
659,nordstrom.com
660,google.hr
661,fbsbx.com
662,techcrunch.com
663,chinaz.com
664,stanford.edu
665,2ch.net
666,preligions.com
667,moneycontrol.com
668,hatena.ne.jp
669,zhanqi.tv
670,infusionsoft.com
671,youjizz.com
672,milliyet.com.tr
673,ca.gov
674,uploaded.net
675,newtabtv.com
676,google.com.ec
677,umblr.com
678,lemonde.fr
679,chinadaily.com.cn
680,gmarket.co.kr
681,lenta.ru
682,azlyrics.com
683,appledaily.com.tw
684,cpm20.com
685,elmogaz.com
686,voot.com
687,goal.com
688,wp.com
689,latimes.com
690,olx.com.br
691,macys.com
692,ieee.org
693,grammarly.com
694,disqus.com
695,corriere.it
696,kijiji.ca
697,exoclick.com
698,gamespot.com
699,fmovies.is
700,animeflv.net
701,perfectgirls.net
702,gogoanime.io
703,104.com.tw
704,chaoshi.tmall.com
705,rbc.ru
706,drudgereport.com
707,putrr18.com
708,bitly.com
709,jeuxvideo.com
710,tvinpc.org
711,wunderground.com
712,coursera.org
713,gosuslugi.ru
714,fidelity.com
715,ecosia.org
716,grid.id
717,cisco.com
718,autodesk.com
719,google.tn
720,y8.com
721,eksisozluk.com
722,southwest.com
723,lapatilla.com
724,lefigaro.fr
725,divar.ir
726,expedia.com
727,elwatannews.com
728,discover.com
729,investing.com
730,hotels.com
731,cqnews.net
732,bestadbid.com
733,rapidgator.net
734,primevideo.com
735,gongchang.com
736,metropoles.com
737,ask.fm
738,superappbox.com
739,thewhizmarketing.com
740,jimdo.com
741,intoday.in
742,wowhead.com
743,adexchangecloud.com
744,timeanddate.com
745,meetup.com
746,yesky.com
747,pussl32.com
748,ccm.net
749,informationvine.com
750,sportbible.com
751,t.me
752,lenovo.com
753,pinterest.co.uk
754,jw.org
755,performanceadexchange.com
756,uptobox.com
757,secureserver.net
758,ea.com
759,yaplakal.com
760,europa.eu
761,badoo.com
762,yalla-shoot.com
763,blibli.com
764,yourporn.sexy
765,solarmoviez.to
766,nhl.com
767,pchome.com.tw
768,kinokrad.co
769,wtoip.com
770,udn.com
771,subito.it
772,gstatic.com
773,techradar.com
774,zz08037.com
775,login.tmall.com
776,tabelog.com
777,ebay.in
778,eyny.com
779,dmm.com
780,thehill.com
781,58.com
782,motherless.com
783,kotaku.com
784,interia.pl
785,getpocket.com
786,cdiscount.com
787,fatosdesconhecidos.com.br
788,mobile01.com
789,playmediacenter.com
790,banesconline.com
791,scribol.com
792,discuss.com.hk
793,healthline.com
794,express.co.uk
795,4pda.ru
796,gov.uk
797,vidzi.tv
798,harvard.edu
799,mawdoo3.com
800,google.lt
801,alodokter.com
802,directrev.com
803,coursehero.com
804,chron.com
805,elbalad.news
806,google.iq
807,ssl-images-amazon.com
808,lifewire.com
809,nature.com
810,reallifecam.com
811,ticketmaster.com
812,google.com.gt
813,avast.com
814,crunchyroll.com
815,onclickmax.com
816,okcupid.com
817,start-tv.com
818,sarkariresult.com
819,op.gg
820,allrecipes.com
821,lazada.com.my
822,douban.com
823,kizlarsoruyor.com
824,xtube.com
825,nbcnews.com
826,ruten.com.tw
827,qingdaonews.com
828,redirectvoluum.com
829,vnexpress.net
830,m62-genreal.com
831,voyeurhit.com
832,ebay.fr
833,comicbook.com
834,lavanguardia.com
835,google.com.my
836,pussl18.com
837,zz08047.com
838,smallpdf.com
839,hatenablog.com
840,bankmellat.ir
841,bitbucket.org
842,hawaaworld.com
843,nikkei.com
844,eatyellowmango.com
845,cdstm.cn
846,issuu.com
847,norton.com
848,usnews.com
849,mellowads.com
850,realtor.com
851,instructables.com
852,mirror.co.uk
853,thewhizproducts.com
854,time.com
855,intel.com
856,neobux.com
857,thesun.co.uk
858,artstation.com
859,commentcamarche.net
860,mobile.de
861,sinoptik.ua
862,exosrv.com
863,google.com.af
864,dream.co.id
865,ted.com
866,hootsuite.com
867,epwk.com
868,caliente.mx
869,nametests.com
870,psu.edu
871,toutiao.com
872,myfreecams.com
873,google.tm
874,segmentfault.com
875,allocine.fr
876,hamariweb.com
877,cam4.com
878,socialblade.com
879,kompasiana.com
880,zone-telechargement.ws
881,otvfoco.com.br
882,gotporn.com
883,jawabkom.com
884,el-nacional.com
885,junbi-tracker.com
886,food.tmall.com
887,nocookie.net
888,olx.in
889,airtel.in
890,myanmarload.com
891,getadblock.com
892,clipconverter.cc
893,ly.com
894,namu.wiki
895,superuser.com
896,kumparan.com
897,fanfiction.net
898,deviantart.net
899,asahi.com
900,gazetaexpress.com
901,freejobalert.com
902,istockphoto.com
903,zara.com
904,liveinternet.ru
905,sputniknews.com
906,best2017games.com
907,googlevideo.com
908,politico.com
909,bodybuilding.com
910,mashable.com
911,sapo.pt
912,premierleague.com
913,cbsnews.com
914,telegraf.com.ua
915,tebyan.net
916,ukr.net
917,nownews.com
918,bhphotovideo.com
919,duolingo.com
920,google.si
921,yenisafak.com
922,liveadexchanger.com
923,jiameng.com
924,yandex.kz
925,hh.ru
926,python.org
927,ninisite.com
928,zougla.gr
929,5ch.net
930,theatlantic.com
931,prnt.sc
932,labanquepostale.fr
933,dafont.com
934,thoughtco.com
935,caixa.gov.br
936,mercari.com
937,baskino.co
938,snapdeal.com
939,okezone.com
940,bamilo.com
941,kayak.com
942,yespornplease.com
943,nasa.gov
944,kissasian.ch
945,makemytrip.com
946,fanserials.tv
947,donga.com
948,tomshardware.com
949,eanswers.com
950,ecollege.com
951,zf.fm
952,internetspeedtracker.com
953,mes5apps.com
954,avg.com
955,focuusing.com
956,abc.net.au
957,jabong.com
958,fmovies.to
959,polygon.com
960,agoda.com
961,uniqlo.com
962,pornhublive.com
963,gmanetwork.com
964,eztv.ag
965,ajel.sa
966,andhrajyothy.com
967,internetdownloadmanager.com
968,tomsguide.com
969,bancodevenezuela.com
970,biblegateway.com
971,viva.co.id
972,hepsiburada.com
973,zing.vn
974,movie2free.com
975,123movies.co
976,lazada.co.th
977,uzone.id
978,porn.com
979,qualtrics.com
980,mathworks.com
981,wired.com
982,unity3d.com
983,abcnews.go.com
984,tnt-online.ru
985,rvcj.com
986,gap.com
987,td.com
988,cinecalidad.to
989,suara.com
990,yandex.com.tr
991,lun.com
992,lazada.com.ph
993,codepen.io
994,chess.com
995,pexels.com
996,tempo.co
997,delta.com
998,study.com
999,rozetka.com.ua
1000,123rf.com
